,name
0,Ayinger Weizenbock
1,Prior 8
2,Pannepøt - Old Monk's Ale
3,Bridge Road Pale Ale
4,Kasteel Winter
5,Urbock 23°
6,Praga Dark Lager
7,Jopen Hoppenbier
8,Emelisse TIPA
9,IPA Samurai
10,Klaster Premium
11,Zywiec Bock
12,De Prael Barley Wine
13,Okocim Jasne Pelne
14,Hevelius Kaper
15,Agamemnon
16,Perikles Pilsner
17,Shoutao Peach Slush IPA
18,Muscles
19,Bedarö Bitter
20,Valsviken Vinterporter
21,Julöl
22,Abrahadabra
23,Coffee Stout
24,Baronen
25,Mackaper
26,Imperial Stout
27,Leon
28,Passionfeber IPA
29,Örebro Bitter
30,CAmarillo
31,Indian Tribute
32,Rökporter
33,Beglo
34,Bötet Barley Wine
35,Amarillo
36,Prodromus
37,Aniara
38,Omnipollo / Cervejaria Tupiniquim - Polimango
39,Onda Mosaic Pale Ale
40,Aurora
41,Omnipollo / Buxton - Original Rocky Road Ice Cream
42,Maz
43,West Coast IPA
44,Idjit!
45,Symzonia
46,Gimbagagompa Coffee Vanilla Granola
47,Coffee Vanilla Black
48,Hypnopompa
49,Dugges / Stillwater - Mango Mango Mango
50,Nautilus
51,Lustro
52,Amazing Haze
53,Bianca Mango Lassi Gose
54,Moebius
55,Lorelei
56,Brewski Mangofeber DIPA
57,Fatamorgana - Quadruple Dry-Hopped
58,Selassie - Coffee And Vanilla Beans
59,Omnipollo / Buxton - Original Texas Pecan Ice Cream
60,Pleroma
61,Zodiak
62,Fatamorgana
63,Stillwater / Dugges - Tropic Punch Ale
64,Aon Pecan Mud Cake
65,Kaggen! Stormaktsporter
66,Nebuchadnezzar
67,Omnipollo / Trillium - Covered in Puppies
68,Boss Beer
69,Tyskie Gronie
70,Okocim Mocne
71,Harnas
72,Okocim Beer
73,Tatra
74,Warka
75,EB Premium
76,Tatra Mocne
77,Lomza Pelne (Premium Beer)
78,Lomza Mocne
79,Lomza Export
80,Brok Export
81,Karpackie Premium
82,Łomża Wyborowe
83,Lech Premium
84,Zamkowe
85,Warka Premium (Strong)
86,Brok Sambor Export
87,Kasztelan Unpasteurized (Niepasteryzowane)
88,Debowe Mocne
89,E B Natural Premium Quality Beer
90,Zubr
91,Kopernik
92,O.K. Beer
93,Okocim Mocne Premium Malt Liquor
94,Perla Chmielowa (Hop Pearl)
95,Okocim (Zagloba) Premium Beer
96,Zamkowe Jasne
97,Zamkowe Dark
98,King Cobra
99,Rycerskie
100,Staropolskie Mocne
101,Kiper Bock
102,Pszeniczniak
103,Perla Miodowa (Honey)
104,Kozlak
105,Warka Radler (Lemonade)
106,Boss Kozlak (Bock)
107,Grand Imperial Porter
108,Black Boss Porter
109,Porter
110,Komes Baltic Porter
111,Hamer & Sikkel
112,Jacobus RPA
113,Gulpener Dort
114,Emelisse Blond
115,Jopen Bokbier
116,PaasIJ
117,IJndejaars
118,Emelisse Winterbier
119,Mannenliefde
120,Zatte
121,Storm & Bliksem (Amarillo)
122,La Trappe Witte Trappist
123,Christoffel Bier
124,IJwit
125,Gulpener Korenwolf
126,Emelisse Black IPA
127,IPA
128,Columbus
129,Maelstrom
130,Hop & Liefde
131,Double Rye IPA
132,Vuur & Vlam
133,Snab Pale Ale
134,Zundert 8
135,"Bloed, Zweet & Tranen"
136,Struis
137,Jopen Northsea IPA
138,American Barley Wine
139,Peated Imperial Stout
140,Hertog Jan Grand Prestige
141,Bommen & Granaten
142,Jopen Koyt
143,Moord & Doodslag - Disputin
144,Mout & Mocca
145,Emelisse Imperial Russian Stout
146,Mooi & Meedogenloos
147,La Trappe Tripel (Koningshoeven / Dominus)
148,Ongelovige Thomas
149,Hemel & Aarde
150,Heaven & Hell
151,La Trappe Isid'or
152,La Trappe Bockbier
153,Spanning & Sensatie
154,Export Porter 1750
155,Caramel Fudge Stout
156,Hel & Verdoemenis Misto B.A.
157,Hel & Verdoemenis
158,La Trappe Quadrupel (Koningshoeven / Dominus)
159,Bianca
160,Hel & Verdoemenis Wild Turkey B.A.
161,Hel & Verdoemenis - Bourbon BA
162,Momus
163,Maledetta
164,Biere D'Abbaye Lacu
165,Spaceman
166,X-Ray
167,Enkir
168,Tre Fontane Tripel
169,Bran Reserva
170,Panil Divina
171,Bran Raven
172,Krampus
173,Dolii Raptor
174,Madamin
175,D'uva Beer
176,La Trappe Quadrupel - Oak-Aged
177,Imper Ale Ubi Rossa
178,BB Dexi
179,ViaEmilia
180,Chimera
181,La Mummia
182,Re Ale
183,Demon Hunter
184,BB10
185,Al-Iksir
186,Super
187,Winterlude
188,Seson
189,Rubus
190,Nuova Mattina
191,Re Ale Extra
192,Contessa
193,Noël
194,Prunus
195,BeerBera
196,Tipopils
197,Thomas Hardy's Ale (2015 -)
198,Quarta Runa
199,Spaghetti Western - Grappa Barrel-Aged
200,Extraomnes / Stillwater Migdal Bavel
201,Sedici Gradi
202,Zona Cesarini
203,Brewfist / Prairie Artisan Ales - Spaghetti Western
204,Panil Barriquée (Sour Version)
205,Verdi Imperial Stout
206,Day Of The Dead Beer (Cerveza De Los Muertos) Death Becomes You
207,Del Ducato / Oxbow - Oud Brunello
208,Potro
209,Negra Modelo
210,Day Of The Dead Beer (Cerveza De Los Muertos) Immortal Beloved
211,Red Pig Mexican Ale
212,Tecate Titanium (7.5%)
213,Cabotella
214,Noche Buena
215,Bohemia Clásica
216,Chili Devil
217,Tijuana Güera
218,Bohemia Weizen
219,Bohemia Oscura
220,Day Of The Dead Beer (Cerveza De Los Muertos) Pay The Ferryman
221,Honey
222,Mexicali Special Dark Beer
223,Tecate Michelada Diablo
224,Chupacabras Pale Ale
225,La Luna Rossa
226,Baladin Nora
227,My Antonia (Birra Del Borgo & Dogfish Head)
228,Duchessic Ale
229,Xyauyù Fumé (Islay Whisky)
230,Xyauyù Etichetta Oro (Gold)
231,Baciami Lipsia (Kiss My Lips)
232,Panil Barriquée (Italy Version)
233,Beersel Mattina
234,Xyauyù Barrel
235,Obscura American Brown Ale
236,Modelo Chelada Tamarindo Picante
237,Minerva Pale Ale
238,TJ Tijuana Mexican Lager
239,Tijuana Morena
240,Minerva Viena
241,Clásica Blonde Ale
242,Modelo Chelada Limon Y Sal
243,Tempus Clasica
244,Escorpion Negro
245,Minerva Imperial Tequila Ale
246,La Migra Imperial Stout
247,Runaway IPA
248,Sol Chelada
249,Green Card Barleywine
250,Britt Rousse
251,Jenlain Or
252,Vieille Brune
253,Rince Cochon
254,Pietra De Noel
255,Yeti
256,Jade (Biere Biologique)
257,Biere Aux Marrons
258,Vivat Triple
259,La Maline
260,La Choulette Blonde
261,Anosteke
262,Bière De Noël
263,Page 24 Réserve Hildegarde Ambrée
264,Sant Erwann
265,Tempus Doble Malta
266,Minerva Stout
267,Cucapá Barleywine
268,Mexican Imperial Stout
269,Nocturna
270,Insurgente / Stone - Xocoveza
271,Gwiniz Du
272,Saint Landelin La Divine
273,Grand Cru
274,Jenlain Ambrée
275,Bière Nouvelle
276,Mont Des Cats Biere Trappiste
277,Angelus
278,Page 24 Réserve Hildegarde
279,La Goudale De Noel
280,Saint Sylvester's Flander's Winter Ale
281,St. Amand
282,Agent Provocateur
283,Telenn Du
284,La Rousse
285,Page 24 Bière De Noël
286,La Rouge Flamande
287,Gavroche
288,La Choulette De Noël
289,Bellerose Biere Blonde Extra
290,Train To Mars
291,Page 24 Biere De Printemps
292,L'Ambrée D'Esquelbecq / Thiriez Amber
293,Castelain Blond Biere De Garde
294,La Choulette Framboise
295,Cervoise Lancelot
296,La Choulette Ambrée
297,Extra
298,Saint Rieul Triple
299,3 Monts Flanders Golden Ale
300,La Blonde D'Esquelbecq / Thiriez Blonde
301,L'Amalthée
302,3 Monts Amber Ale On Lees
303,Flandre-Kent Les Frères De La Bière / Thiriez XXtra
304,Cuvée Des Jonquilles
305,Les Bière Des Sans Culottes
306,Herold Granat
307,Queen Bohemian Rhapsody
308,Breznak Schwarzbier
309,X-Beer 33
310,Samson Budweiser Bier Premium
311,Demon
312,Primator Dark Lager
313,Krušovice Mušketýr
314,Primátor Maibock
315,Oldgott
316,Samson Budweiser Bier Černý
317,Master Polotmavý 13°
318,Lobkowicz Baron
319,Svijanský Máz 11%
320,Staropramen Černý
321,Budweiser Budvar Czech Dark Lager
322,Staropramen Velvet
323,Kozel Cerny (Kozel Dark) Velckopopovicky
324,Lobkowicz Knight
325,Granát - BrouCzech Dark
326,Podkovan Dark
327,Klaster Winter Beer
328,Primátor Polotmavý Märzen
329,New Town 11° Light Lager
330,Herold Bohemian Wheat Lager
331,Bernard Cerne (Dark)
332,Svijanská Kněžna 13%
333,Eggenberg Svetlý Lezák (Premium Lager)
334,Kávové Pivo
335,Primátor Weizenbier
336,Štěpán - český Klasický Ležák Světlý
337,Premium Lager / Kláster Svetlý Special 14%
338,Master Tmavy
339,Bernard Bohemian Ale
340,Master Tmavý 18°
341,Herold Bohemian Black Lager
342,Koutská 12° Dvanáctka
343,U Fleku Dark Lager
344,Tuatara Ardenne
345,Boysenbeery
346,Golden Tusk
347,Voyager
348,Moa 5 Hop Ale
349,The Rogue Hop
350,Tuatara Weiz Guy
351,Tuatara Helluva
352,Mighty Imperial Ale
353,Monteith's Doppelbock
354,Moa Blanc Evolution
355,Speight's Old Dark
356,Sassy Red
357,Moa 5 Hop - Winter Ale
358,Monteith's Doppelbock Winter Ale
359,Taieri George
360,Porter's Rye Ale
361,Monteith's Barrel Aged Porter
362,xeRRex
363,Tuatara Porter
364,Mac's Hop Rocker Pilsener
365,Digital IPA
366,Gunnamatta
367,Moa Imperial Stout (Aged In Pinot Noir Barrels)
368,Epic Lager
369,Pot Kettle Black
370,1812
371,Rewired
372,Moa Pale Ale
373,Moa Methode
374,Harringtons Big John Special Reserve
375,M.P.A
376,Craftsman
377,Epic Larger
378,Epic Barrel Aged IPA
379,Epicurean Fig & Coffee
380,Patriot
381,Hippy Berliner
382,Tuatara APA
383,London Porter
384,Epic Mayhem
385,Moa St Josephs
386,Stonecutter
387,The Big Smoke
388,Pale Ale
389,Tuatara KAPAI
390,Tuatara Mot Eureka
391,APA
392,Flat White Coffee Milk Stout
393,Elemental
394,Fresh Hopwired
395,Saison Sauvin
396,Death From Above
397,Epic Pale Ale
398,C!tra
399,Tuatara Double Trouble
400,Super Conductor
401,Epic Armageddon IPA
402,iStout
403,Hopwired
404,Epic Hop Zombie
405,Snow Weizen
406,Yebisu Black Beer
407,Coedo Kyara
408,Coedo Shiro
409,Coedo Shikkoku
410,Hitachino Nest Dai Dai Ale
411,Sapporo Premium Black Beer
412,Jubilation Ale
413,White Crane Ale (Rogue's Oregon Golden Ale)
414,Hitachino Nest Pale Ale
415,Buckwheat Ale
416,Shimaguni Stout
417,Ginga Kogen Weizen
418,Echigo Stout
419,Suiyoubi No Neko
420,Ise Kadoya IPA
421,Teikoku IPA
422,Hitachino Nest Red Rice Ale
423,Numazu Lager
424,Ise Kadoya Genmai Ale
425,Temple Garden Yuzu Ale
426,Hitachino Nest Weizen
427,Shiga Kogen IPA
428,Rising Sun Pale Ale
429,Tokyo Black
430,Yabai-Yabai Strong Scotch Ale
431,Hitachino Nest Commemorative Ale
432,Shizuoka Summer Mikan Ale
433,Single Take Session Ale
434,Dark Sky Imperial Stout
435,Yona Yona Ale
436,Baird Angry Boy Brown Ale
437,Hitachino Nest Japanese Classic Ale
438,Red Fox (Rogue's American Amber)
439,Samurai Barley Ale
440,Kurofune Porter
441,Hitachino Nest Extra High (XH)
442,Red Rose Amber Ale
443,Hitachino Nest Amber Ale
444,Minoh W-IPA
445,Hitachino Nest Yuzu Lager
446,Ozeno Yukidoke IPA
447,Hitachino Nest Saison Du Japon
448,The Carpenters Mikan Ale
449,Ginga Kogen Wheat Beer
450,Natsumikan Ale
451,Hitachino Nest Ancient Nipponia
452,Ise Kadoya Imperial Smoked Porter
453,Hitachino Nest Nipponia
454,Suruga Bay Imperial IPA
455,Hitachino Nest Anbai Ale
456,Kuri Kuro (Dark Chestnut Ale)
457,Hitachino Nest White Ale
458,Hitachino Nest Espresso Stout
459,Smithwick's Winter Spirit
460,Irish Wheat
461,Porterhouse Red
462,TSB
463,Guinness Original
464,Rebel Red
465,Oyster Stout
466,O'Shea's Traditional Irish Stout
467,Guinness Extra Stout (Original)
468,Metalman Pale Ale
469,Copper Coast
470,Guinness Original (UK Version - 4.2%)
471,Guinness - Bulleit Bourbon-Aged
472,Murphy's Irish Stout
473,Galway Hooker Irish Pale Ale
474,Wrasslers XXXX Stout
475,Guinness Milk Stout: The Brewers Project
476,Plain Porter
477,West Indies Porter
478,Cael & Crede Ale
479,Beamish Irish Stout
480,Knockmealdown Porter
481,O'Hara's Barrel Aged Leann Folláin
482,O'Hara's Irish Stout
483,Guinness Foreign Extra Stout
484,Guinness Special Export Stout / Antwerpen Stout
485,Celebration Stout
486,Guinness 200th Anniversary Export Stout
487,Baden Baden Golden
488,Colorado Appia
489,Eisenbahn Escura (Dunkel)
490,Eisenbahn Weizenbier
491,Colorado Berthô
492,Eisenbahn Strong Golden Ale
493,Baden Baden Dark Ale Stout
494,Eisenbahn Vigorosa (Weizenbock)
495,Baden Baden Red Ale Especial
496,Baden Baden 1999 Bitter Ale
497,Eisenbahn Pale Ale
498,Colorado Indica
499,Colorado Vixnu
500,Eisenbahn Lust
501,Eisenbahn Rauchbier
502,Belô Petroleum
503,Wals Petroleum
504,Colorado Ithaca / Guanabara
505,Wäls Quadruppel
506,Stiegl Radler Zitrone
507,Zipfer Urtyp
508,Hopfenkönig
509,Hirter 1270
510,Stiegl Goldbräu
511,Villacher Märzen
512,Stiegl Pils
513,Rieder XXX Weisse
514,Stifter Bier (Red Ale)
515,Ottakringer Wiener Original
516,Schlägl Kristall
517,Grieskirchner Pils
518,Columbus Pils
519,Grieskirchner Jörger Weisse
520,Schlägl Urquell
521,Edelweiss Hefetrub
522,Schlägl Bio-Roggen
523,Rieder India Pale Ale
524,Barleywine Ale
525,Stiegl Weisse Naturtrüb
526,Weisse (Whitebeer)
527,Stiegl Märzen
528,Schlägl Doppel Bock
529,Meinklang Ancient Grains Ale
530,Gösser Dark Beer
531,Naturtrüb
532,Stiegl Weizen Gold Hefefein
533,Schremser Roggen Bier
534,Doppelbock Dunkel
535,Granitbock
536,Benno
537,Tak Pale Ale
538,Edelweiss Dunkel Weizenbier
539,Samichlaus Bier Helles
540,Original Munchner Hochzeitsbier Von 1810
541,Hirter Morchl
542,Stiegl Radler (Grapefruit)
543,Edelweiss Weissbier Snowfresh
544,Kramah India Pale Ale
545,Granitbock Ice
546,Gregorius
547,Heller Bock Saphir
548,NZ Victory Hop Devil IPA
549,Samichlaus Schwarzes
550,Paracelsus Zwickl
551,Edelweiss Weissbier Hefetrüb
552,Samichlaus Classic Bier
553,Augustiner Bräu Märzen Bier
554,Aass Bayer (Aass Dark)
555,Aass Juleøl
556,Krekling
557,India Pale Ale
558,Aass Genuine Pilsner
559,Wit
560,HaandBic
561,Fyr & Flamme
562,Dobbel Dose (Dobbel Dram)
563,Havre Stout
564,Ardenne Blond
565,Saison
566,Tiger Tripel
567,Hazy Days
568,Brown Ale
569,Sunturnbrew
570,Nissefar
571,Hesjeøl
572,Costa Rica (Coffee Porter)
573,Bestefar
574,Underlig Jul
575,Ægir India Pale Ale
576,Perler For Svin
577,Aass Bock
578,Norwegian Wood
579,Special Holiday Ale - Nøgne Ø/Jolly Pumpkin Artisan Ales/Stone Brewing Co.
580,Imperial India Pale Ale #500
581,Konrads Stout
582,Dark Force
583,Imperial Brown Ale
584,Two Captains
585,Supersonic
586,# 100
587,God Jul
588,Lervig / Hoppin’ Frog Sippin Into Darkness
589,Akevitt
590,Nøgne Ø / Terrapin Imperial Rye Porter
591,Haandbakk
592,Lervig / Way Beer - 3 Bean Stout
593,Horizon Tokyo Black
594,Odin's Tipple
595,Brewers Reserve Barley Wine (Aged In Bourbon Barrels)
596,Cuvée De Ranke
597,Oude Schaarbeekse Kriek
598,Moinette Blond
599,Trappistes Rochefort 6
600,Première (Red)
601,Avec Les Bons Voeux
602,Boon Oude Kriek Mariage Parfait
603,Oud Beersel Oude Kriek Vieille
604,St. Amatus 12
605,Kriek De Ranke
606,Intense Red Oude Kriek
607,Oude Geuze Boon Black Label
608,Abbaye Des Rocs [Brasserie Des Rocs Brune]
609,Nath
610,Westmalle Trappist Dubbel
611,Oerbier
612,Goudenband
613,Oude Lambiek De Cam
614,Kasteel Barista Chocolate Quad Belgian Ale
615,Saison Dupont
616,Abbaye Des Rocs Grand Cru Belgian Special Brown
617,Stille Nacht
618,Duchesse De Bourgogne
619,Black Damnation II - Mocha Bomb
620,Oude Quetsche Tilquin à L'Ancienne Avec Prunes De Namur
621,Mamouche
622,La Chouffe
623,Christmas Ale
624,Houblon Chouffe Dobbelen IPA Tripel
625,Orval Trappist Ale
626,Cuvee Delphine
627,Oude Mûre Tilquin à L'ancienne
628,Oude Kriek De Cam
629,Tripel
630,Straffe Hendrik Heritage
631,Lambiek Special
632,Trappist Westvleteren Blond
633,Oude Geuze De Cam
634,Cuvee Moeder (Kriek)
635,Gulden Draak
636,Lambic D'Aunis
637,Black Albert
638,Gueuze Tilquin (Draught Version)
639,Achel Trappist Extra
640,Oude Gueuze
641,Duvel Belgian Golden Ale
642,Tripel Karmeliet
643,Abt 12 Oak Aged
644,Soleil De Minuit
645,Pannepot Grand Reserva
646,Pannepot Reserva
647,Girardin Gueuze 1882 (Black Label)
648,Oude Kriek
649,Lambic Rhubarbe
650,Fantôme Saison
651,Rodenbach Grand Cru
652,Westmalle Trappist Tripel
653,Grande Réserve (Blue)
654,Tripel Van De Garre
655,Cuvée Van De Keizer Blauw (Blue)
656,Rosé De Gambrinus
657,Oude Gueuze Tilquin à L'Ancienne
658,Pannepot
659,Cuvée Saint-Gilloise
660,Trappistes Rochefort 8
661,Cuvée Des Jacobins Rouge
662,Iris
663,Pinot D'Aunis
664,Kriek 100% Lambic
665,Oude Quetsche Tilquin à L'Ancienne
666,Oude (Gueuze Tilquin)²
667,Rodenbach Alexander
668,Oude Geuze
669,Black Damnation V - Double Black
670,Vigneronne
671,Rodenbach Caractère Rouge
672,Schaerbeekse Kriek
673,Gueuze 100% Lambic
674,Trappist Westvleteren 8 (VIII)
675,Oude Geuze Cuvée Armand & Gaston
676,Oude Geuze Golden Blend
677,Abt 12
678,Lou Pepe - Gueuze
679,Hommage
680,Framboos
681,Blåbær Lambik
682,Trappistes Rochefort 10
683,Saint Lamvinus
684,Oude Geuze Vintage
685,Lou Pepe - Framboise
686,Lou Pepe - Kriek
687,Trappist Westvleteren 12 (XII)
688,Zenne Y Frontera
689,Fou' Foune
690,Stranger Than Fiction
691,Four Winds IPA
692,Phaedra
693,Radio The Mothership
694,Collective Project: IPA No. 8
695,La Buteuse
696,Sovereign Super Saison
697,Dernière Volonté Réserve Spéciale En Fût De Pinot Noir
698,RPA (Rye Pale Ale)
699,"Surround Sound (Simcoe, Galaxy & Citra)"
700,Dernière Volonté
701,Blackstone Porter
702,Immodest
703,Collective Arts / Donut Monster - Origin of Darkness
704,Twenty Pounder
705,Eau Benite
706,Olde Deuteronomy
707,Back Hand Of God Stout
708,Pothole Filler Imperial Stout
709,Play Dead IPA
710,Barrel Full Of Monkeys Imperial Stout
711,Flagship India Pale Ale
712,Série Signature IPA
713,Flying Monkeys Acadian Groove Canadian Maple Porter
714,Immoralité
715,Dominus Vobiscum Hibernus
716,Imperial IPA
717,Jam Up the Mash
718,Hopnotist
719,Roman Candle
720,Dominus Vobiscum Blanche
721,Lambda
722,Humulus Ludicrous
723,Burly Wine
724,Thor's Hammer Barley Wine
725,Dulcis Succubus
726,La Résolution
727,Grande Noirceur
728,Great Lakes Lake Effect
729,Old Cellar Dweller
730,Dominus Vobiscum Triple
731,Old Kentucky Bastard
732,Great Lakes Octopus Wants To Fight IPA
733,Life in the Clouds
734,Witchshark
735,Black Oak Ten Bitter Years
736,Le Temps Noir
737,Jelly King
738,St-Ambroise Oatmeal Stout
739,Herbe à Détourne
740,Ransack the Universe
741,Ale Gâteau Forêt-Noire
742,Latus
743,IPA Du Nord-Est
744,Jutsu
745,Red Racer Imperial IPA
746,Juxtapose Wild IPA
747,Solstice D'hiver Réserve Spéciale En Fût De Bourbon
748,La Buteuse Brassin Spécial (Barrel Aged)
749,Great Lakes Karma Citra IPA
750,Hellwoods
751,La Vache Folle Imperial Milk Stout
752,Doppelbock Grande Cuvée Printemps
753,Yakima IPA
754,Raised By Wolves IPA
755,Great Lakes Thrust! An IPA
756,Naughty Hildegard ESB
757,Don De Dieu
758,Skeleton Key
759,Flying Monkeys The Chocolate Manifesto
760,Grande Cuvée Porter Baltique - Fûts De Bourbon Et Brandy
761,St-Ambroise Stout Impériale Russe
762,Dominus Vobiscum Lupulus
763,Terrible
764,Aphrodisiaque
765,Singularity
766,Solstice D'été Aux Framboises
767,Maudite
768,Red Racer IPA (India Pale Ale)
769,Moralité
770,Fat Tug IPA
771,Unibroue 17 Grande Réserve
772,Trois Pistoles
773,Grande Cuvée Porter Baltique
774,Sartori Harvest IPA
775,Péché Mortel
776,Nectarous
777,La Fin Du Monde
778,Péché Mortel - Bourbon
779,Stout
780,Hargreaves Hill Pale
781,Mornington Peninsula IPA
782,Murray's Spartacus
783,Mad Abbot Tripel
784,Nail Stout
785,Alpha Pale Ale
786,Mountain Goat Fancy Pants Amber Ale
787,Red Duck Golden Dragon
788,Chevalier Saison
789,Galaxy Single Hop IPA
790,Red Hill Weizenbock
791,Skunkworks Double IPA (Cognac Barrel Aged)
792,ESB
793,Grand Ridge Moonshine
794,Mornington Peninsula Pale
795,Harvest Pale Ale
796,Seventy Seven IPA
797,Red Hill Imperial Stout
798,Growler American Brown Ale
799,Murray's Icon 2IPA
800,Murray's Heart Of Darkness
801,Mountain Goat Rye IPA
802,Forty Four American Amber
803,Murray's Punch & Judy
804,Red Hill Hop Harvest Ale
805,Road Trip
806,Jamieson Beast IPA
807,Kooinda Black IPA - Full Nelson
808,Murray's Best Extra Porter
809,Seeing Double
810,Southwark Old Stout
811,4 Pines Dry Stout
812,Best Extra Stout
813,Raging Flem
814,Red Duck The Ox
815,Ace Of Spades
816,Spildt Mælk (Boys Don’t Cry Over Spilled Milk)
817,USAlive! (Alive)
818,Not Just Another Wit
819,Fuck Art - Let's Dance!
820,Reparationsbajer
821,Mosaic Black IPA
822,Snowball Saison Ale
823,Mine Is Bigger Than Yours
824,Santa's Little Helper 2012
825,Kremlin Crude
826,Mastodon Mother Puncher
827,By Udder Means
828,Amarillo Single Hop IPA
829,SpontanSeabuckthorn
830,The Fundamental Blackhorn
831,Liquid Confidential
832,Crooked Moon Tattoo Stockholm
833,Pacific Ale
834,Knappstein Reserve Lager
835,Boris Imperial Stout
836,La Sirène Saison
837,Clout Stout
838,IIPA Imperial IPA
839,Little Creatures Pale Ale
840,Murray's Wild Thing Imperial Stout
841,Watermelon Warhead
842,Hop Hog
843,Amager / Grassroots - Shadow Pictures - Skyggebilleder
844,Gose To Hollywood
845,Black Magic Woman
846,Stateside IPA
847,19
848,It's Alive - White Wine Barrel Aged
849,Monk's Brew
850,Limfjordsporter
851,Hallo Ich Bin Berliner Weisse - Raspberry
852,Spontanbeetroot
853,Spontandryhop Citra
854,Mikkeller / Grassroots Wheat Is The New Hops
855,Sur Amarillo
856,Sur Simcoe
857,Amager / Jester King - Danish Metal
858,Amager / Mikkeller - Hr. Frederiksens Væsel Brunch - Barrel-Aged
859,Beer Geek Brunch Weasel (Islay Edition)
860,Draft Bear
861,Forêt Du Centre (Light Toasted)
862,Dark Hops
863,Kaffestout
864,Rugporter
865,Nelson Sauvin Single Hop IPA
866,Spontancassis
867,Simcoe Single Hop IPA
868,Big Worster
869,Jule Mælk
870,Tomahawk Single Hop IPA
871,Amager / Mikkeller - Hr. Frederiksens Væsel Brunch
872,To Øl / Mikkeller Overall IIPA
873,Spontansauternes
874,Liquid Confidential (Cognac Barrel Aged)
875,Mosaic Imperial India Pale Ale
876,SpontanCherryFrederiksdal
877,Beer Geek Brunch Weasel (Bourbon Edition)
878,Double Black Mash
879,Liquid Confidential (Wine/Sherry Barrel Aged)
880,Crooked Moon Tattoo
881,Beer Hop Breakfast
882,Milk Stout
883,Black Ball Porter
884,Texas Ranger (Chipotle Porter)
885,Sur Citra
886,Hr. Frederiksen
887,Dangerously Close To Stupid
888,Spontanframboos
889,Mørke - Pumpernickel Porter
890,Gudeløs
891,Foggy Geezer
892,Beer Geek Dessert
893,Beer Geek Breakfast
894,Beer Geek Brunch Weasel - Cognac Edition
895,Black Malts And Body Salts
896,Lazurite
897,George
898,Citra Imperial India Pale Ale
899,Amager / Surly - Todd The Axe Man
900,Sort Mælk
901,Goliat
902,Beer Geek Vanilla Maple Shake
903,Beer Geek Cocoa Shake
904,Beer Geek Brunch Weasel
905,Nelson Sauvignon (Nelson Sauvin Brut)
906,Beer Geek Vanilla Shake
907,Beer Geek Vanilla Shake - Bourbon Barrel-Aged
908,Franziskaner Weissbier Royal
909,Hirsch Bavarian-Weissbier Hefeweisse
910,Spaten Optimator
911,Kölsch
912,Hofbräu Münchner Weisse
913,Ayinger Winterbock
914,Crew 7:45 Escalation
915,Ayinger Kirta-Halbe
916,Klosterbräu Schwärzla
917,Black Shark
918,Neumarkter Lammsbräu (Organic) Pilsner
919,Rothaus Hefeweizen
920,Leipziger Gose
921,Schwarzbier
922,Augustiner Bräu Oktoberfestbier
923,Edelstoff
924,Tucher Helles Hefe Weizen
925,Pilsner
926,Augustiner Bräu Maximator
927,Ettaler Curator Dunkler Doppelbock (US Import Version)
928,St. Martin Dunkler Doppelbock
929,Helles
930,Weltenburger Kloster Barock Dunkel
931,Amarsi Double IPA
932,Faust Hefeweizen Dunkel
933,Bonator
934,Backbone Splitter
935,Aecht Schlenkerla Kräusen
936,Salvator Doppel Bock
937,Kyritzer Mord Und Totschlag
938,Geisterzug Gose Quinced
939,Original Schlüssel Alt
940,Aecht Schlenkerla Rauchbier Weizen
941,Ayinger Jahrhundert Bier
942,Andechs Weissbier Dunkel
943,Riegele Augustus Weizendoppelbock
944,Ayinger Altbairisch Dunkel
945,Hacker-Pschorr Oktoberfest Märzen
946,Augustiner Bräu Weissbier
947,Altbier
948,Roundhouse Kick
949,Aecht Schlenkerla Helles Lagerbier
950,Spezial Rauchbier Märzen
951,Kellerbier Ungespundet-Lager hefetrüb (aU Ungespundet Naturtrüb)
952,Hacker-Pschorr Dunkel Weisse (Weisse Dark)
953,Schneider Weisse Tap 7 Unser Original
954,EKU 28
955,Ayinger Maibock
956,Julius Echter Hefe-Weissbier Hell
957,Döllnitzer Ritterguts Gose
958,Geisterzug Gose Rhubarb
959,Andechser Vollbier Hell
960,Schumacher Alt
961,Mühlen Kölsch
962,Kapuziner Weissbier
963,Füchschen Alt
964,Ayinger Oktober Fest-Märzen
965,Schneider Weisse Tap X Aventinus Cuvée Barrique
966,Mönchshof Schwarzbier
967,Bairisch Pils
968,Weihenstephaner 1516 Kellerbier
969,Rothaus Pils Tannen Zäpfle
970,Weihenstephaner Kristallweissbier
971,Franziskaner Hefe-Weisse
972,Uerige Sticke
973,Schneider Weisse Tap X Mein Nelson Sauvin
974,Aecht Schlenkerla Eiche
975,Mönchsambacher Lager
976,Tucher Bajuvator Doppelbock
977,Schneider Weisse Tap 4 Wiesen Edel-Weisse
978,Ayinger Ur-Weisse
979,Hacker-Pschorr Hefe Weisse Naturtrüb
980,Weltenburger Kloster Asam-Bock
981,Weihenstephaner Original
982,Aecht Schlenkerla Rauchbier Märzen
983,Schneider Weisse Tap 5 Meine Hopfenweisse
984,Uerige Doppelsticke
985,Eisbock
986,Weihenstephaner / Sierra Nevada - Braupakt
987,Andechser Weissbier Hell
988,Schneider Weisse Tap 1 Mein Blondes
989,Augustiner Bräu Lagerbier Hell
990,Aecht Schlenkerla Rauchbier Urbock
991,Ayinger Bräuweisse
992,Weihenstephaner Korbinian
993,Aecht Schlenkerla Fastenbier
994,Weihenstephaner Hefeweissbier Dunkel
995,Schneider Aventinus Weizen-Eisbock
996,Weihenstephaner Vitus
997,Andechser Doppelbock Dunkel
998,Schneider Weisse Tap 6 Unser Aventinus
999,Celebrator
1000,Weihenstephaner Hefeweissbier
1001,Barrel-Aged Abraxas
1002,Marshmallow Handjee
1003,Heady Topper
1004,Doppelganger
1005,Society & Solitude #4
1006,Hunahpu's Imperial Stout - Double Barrel Aged
1007,Fourth Dementia - Bourbon Barrel-Aged
1008,Beatification
1009,Society & Solitude #5
1010,Ghost In The Machine - Double Dry-Hopped
1011,Mexican Brunch
1012,Miami Madness
1013,Last Buffalo In The Park
1014,It Was All A Dream
1015,Notorious Triple IPA
1016,Bourbon Barrel Aged Plead The 5th
1017,Coffee Cinnamon B-Bomb
1018,Beyond Good And Evil
1019,§ucaba
1020,Bourbon County Brand Barleywine Ale
1021,Pseudo Sue - Double Dry-Hopped
1022,Black Gold
1023,Sunday Brunch
1024,West Ashley
1025,Breakfast Stout
1026,Saison Du Fermier
1027,The Broken Truck
1028,Alter Ego
1029,Abricot Du Fermier
1030,Flora Plum
1031,Galaxy Dry Hopped Fort Point Pale Ale
1032,V.S.O.J.
1033,Bourbon Paradise
1034,Anabasis
1035,Triple Shot
1036,Black Note Stout
1037,Keene Idea
1038,Grande Negro Voodoo Papi - Bourbon Barrel-Aged
1039,Maman
1040,Beer:Barrel:Time
1041,Ephraim
1042,Adnams Tally-Ho
1043,Bishop's Farewell
1044,Imperial Black
1045,Fuller's London Pride
1046,Organic Export Scotch Ale
1047,Libertine Black Ale
1048,Elvis Juice
1049,Export India Porter
1050,Scottish Stout
1051,Boltmaker (formerly Best Bitter)
1052,Royal Oak Pale Ale
1053,Brave New World IPA
1054,Saint Petersburg Imperial Stout
1055,Halcyon
1056,Young's Special London Ale
1057,Hardcore IPA
1058,Manchester Star Ale
1059,Dark Island
1060,"Dogma (7,4%)"
1061,Buxton / Lervig - Trolltunga
1062,Old Peculier
1063,Buxton / Stillwater - Subluminal
1064,Rain Shadow
1065,Broken Dream
1066,Kipling
1067,Olde Suffolk English (Strong Suffolk Vintage) Ale
1068,Jaipur IPA
1069,Haze
1070,Chocolate Rain
1071,Very GGGreennn
1072,Triple Sunshine
1073,Nectarine Premiere
1074,Swish
1075,Black Tuesday
1076,Double Dry Hopped Fort Point Pale Ale
1077,Sip Of Sunshine
1078,Aaron
1079,Framboise Du Fermier
1080,Citra
1081,Double Dry Hopped Congress Street
1082,Green
1083,Focal Banger
1084,Cable Car
1085,Supplication
1086,Headroom
1087,Double Galaxy
1088,Atrial Rubicite
1089,Hunahpu's Imperial Stout
1090,Ann
1091,Double Citra®
1092,King Sue
1093,Doubleganger
1094,Fuzzy
1095,Bourbon County Brand Vanilla Stout
1096,Westly
1097,Speedway Stout - Vietnamese Coffee - Bourbon-Barrel Aged
1098,JJJuliusss
1099,Zombie Dust
1100,Duck Duck Gooze
1101,Barrel Aged Imperial German Chocolate Cupcake Stout
1102,Parabola
1103,Morning Wood
1104,KBS (Kentucky Breakfast Stout)
1105,Bourbon County Brand Stout
1106,Julius
1107,Dinner
1108,Double Sunshine
1109,Assassin
1110,Very Green
1111,Juice Machine
1112,Pliny The Elder
1113,CBS (Canadian Breakfast Stout)
1114,SR-71
1115,Fundamental Observation
1116,Bourbon County Brand Coffee Stout
1117,Very Hazy
1118,King JJJuliusss
1119,Pliny The Younger
1120,Mornin' Delight
1121,Hazy Jane
1122,Hoppy Christmas
1123,King Julius
1124,Tokyo*
1125,Old Chimneys Good King Henry Imperial Stout
1126,Elizabethan Ale
1127,Black Betty
1128,Wild Raven
1129,Golden Pride
1130,Cocoa Psycho
1131,Extra Stout
1132,J.W. Lees Harvest Ale (Lagavulin Whisky Cask)
1133,Wildebeest
1134,IPA Citra
1135,90/~ Wee Heavy
1136,Ola Dubh Special Reserve 21
1137,Young's Double Chocolate Stout
1138,Mackeson Triple XXX Stout
1139,I Hardcore You
1140,Fuller's ESB
1141,Dark Island Reserve
1142,Wee Heavy
1143,Landlord Pale Ale
1144,J.W. Lees Harvest Ale (Sherry Cask)
1145,J.W. Lees Harvest Ale (Calvados Cask)
1146,Skull Splitter
1147,Siren / Cigar City - Caribbean Chocolate Cake
1148,Nut Brown Ale
1149,Yorkshire Stingo
1150,Black Tokyo Horizon
1151,Fuller's 1845
1152,Ola Dubh Special Reserve 16
1153,Export Stout London 1890
1154,Ola Dubh Special Reserve 12
1155,Old Engine Oil Black Ale
1156,Imperial Brown Stout London 1856
1157,Traquair House Ale
1158,J.W. Lees Harvest Ale (Port Cask)
1159,Ola Dubh Special Reserve 18
1160,Bracia
1161,Traquair Jacobite
1162,Taddy Porter
1163,Old Engine Oil Engineer's Reserve Blackest Ale
1164,Kentucky Brunch Brand Stout
1165,Fuller's Vintage Ale
1166,Fuller's London Porter
1167,Old Chimneys Good King Henry Special Reserve
1168,Ola Dubh Special Reserve 40
1169,Oatmeal Stout
1170,Ola Dubh Special Reserve 30
1171,Courage Imperial Russian Stout
1172,Organic Chocolate Stout
1173,Harvest Ale (Limited Edition)
1174,Buxton / Omnipollo Yellow Belly Sundae
1175,Buxton / Omnipollo - Yellow Belly
